customer_id,customer_segment,location,signup_date
C0001,Standard,Delhi,2022-05-16
C0002,Enterprise,Chennai,2022-11-07
C0003,Premium,Hyderabad,2022-04-19
C0004,Standard,Chennai,2022-12-20
C0005,Standard,Delhi,2023-01-01
C0006,Standard,Bangalore,2022-07-24
C0007,Standard,Pune,2022-11-29
C0008,Premium,Bangalore,2022-08-13
C0009,Standard,Chennai,2022-08-20
C0010,Premium,Mumbai,2022-05-07
C0011,Standard,Delhi,2022-02-02
C0012,Enterprise,Bangalore,2022-01-11
C0013,Premium,Chennai,2022-10-11
C0014,Standard,Delhi,2022-10-29
C0015,Standard,Delhi,2022-01-04
C0016,Standard,Mumbai,2022-12-29
C0017,Standard,Pune,2022-01-31
C0018,Standard,Delhi,2022-02-04
C0019,Standard,Mumbai,2022-06-19
C0020,Standard,Mumbai,2022-09-21
C0021,Standard,Delhi,2022-05-23
C0022,Standard,Pune,2022-09-06
C0023,Standard,Delhi,2022-10-04
C0024,Standard,Delhi,2022-10-20
C0025,Standard,Chennai,2022-08-31
C0026,Premium,Delhi,2022-08-31
C0027,Standard,Hyderabad,2022-04-08
C0028,Standard,Mumbai,2022-02-19
C0029,Standard,Pune,2022-08-09
C0030,Standard,Bangalore,2022-08-05
C0031,Standard,Hyderabad,2022-08-28
C0032,Standard,Pune,2022-01-28
C0033,Standard,Pune,2022-12-01
C0034,Premium,Pune,2022-02-20
C0035,Enterprise,Mumbai,2022-07-26
C0036,Premium,Pune,2022-06-23
C0037,Standard,Mumbai,2022-05-08
C0038,Standard,Delhi,2022-04-08
C0039,Standard,Chennai,2022-08-18
C0040,Standard,Delhi,2022-08-05
C0041,Standard,Delhi,2022-05-23
C0042,Standard,Hyderabad,2022-05-08
C0043,Standard,Mumbai,2022-08-15
C0044,Premium,Chennai,2022-02-20
C0045,Standard,Mumbai,2022-11-30
C0046,Standard,Chennai,2022-01-08
C0047,Standard,Mumbai,2022-05-02
C0048,Standard,Delhi,2022-07-28
C0049,Standard,Hyderabad,2022-09-04
C0050,Standard,Delhi,2022-07-25
C0051,Enterprise,Mumbai,2022-03-26
C0052,Premium,Hyderabad,2022-01-02
C0053,Premium,Hyderabad,2022-05-16
C0054,Premium,Hyderabad,2022-05-27
C0055,Standard,Hyderabad,2022-12-23
C0056,Premium,Pune,2022-10-12
C0057,Standard,Pune,2022-09-07
C0058,Standard,Delhi,2022-04-08
C0059,Standard,Bangalore,2022-04-22
C0060,Standard,Mumbai,2022-10-24
C0061,Standard,Pune,2022-10-05
C0062,Standard,Mumbai,2022-06-10
C0063,Premium,Mumbai,2022-01-26
C0064,Standard,Chennai,2022-09-02
C0065,Standard,Chennai,2022-09-29
C0066,Standard,Delhi,2022-01-30
C0067,Standard,Chennai,2022-02-11
C0068,Premium,Delhi,2022-02-05
C0069,Standard,Chennai,2022-02-04
C0070,Enterprise,Pune,2022-05-01
C0071,Premium,Hyderabad,2022-03-03
C0072,Standard,Chennai,2022-05-07
C0073,Standard,Chennai,2022-11-01
C0074,Premium,Mumbai,2022-11-14
C0075,Premium,Mumbai,2022-08-03
C0076,Premium,Pune,2022-10-26
C0077,Premium,Chennai,2022-09-25
C0078,Standard,Bangalore,2022-05-14
C0079,Standard,Delhi,2022-12-09
C0080,Standard,Pune,2022-06-10
C0081,Premium,Delhi,2022-05-16
C0082,Standard,Hyderabad,2022-03-09
C0083,Standard,Pune,2022-11-27
C0084,Standard,Bangalore,2022-08-23
C0085,Standard,Bangalore,2022-02-07
C0086,Standard,Mumbai,2022-08-23
C0087,Premium,Chennai,2022-10-16
C0088,Standard,Mumbai,2022-02-07
C0089,Premium,Chennai,2022-04-20
C0090,Standard,Chennai,2022-05-16
C0091,Standard,Delhi,2022-06-28
C0092,Premium,Mumbai,2022-05-06
C0093,Premium,Bangalore,2022-05-26
C0094,Standard,Delhi,2022-08-13
C0095,Premium,Chennai,2022-12-27
C0096,Standard,Bangalore,2022-11-10
C0097,Standard,Pune,2022-09-28
C0098,Standard,Mumbai,2022-12-08
C0099,Standard,Chennai,2022-06-03
C0100,Standard,Pune,2022-02-23
C0101,Standard,Delhi,2022-05-16
C0102,Standard,Mumbai,2022-02-24
C0103,Standard,Pune,2022-10-11
C0104,Standard,Delhi,2022-05-20
C0105,Premium,Bangalore,2022-11-06
C0106,Standard,Delhi,2022-06-25
C0107,Standard,Delhi,2022-12-18
C0108,Premium,Pune,2022-05-16
C0109,Standard,Chennai,2022-09-08
C0110,Standard,Bangalore,2022-01-27
C0111,Standard,Mumbai,2022-11-21
C0112,Standard,Hyderabad,2022-05-22
C0113,Premium,Mumbai,2022-01-02
C0114,Premium,Bangalore,2022-03-08
C0115,Standard,Pune,2022-05-15
C0116,Premium,Delhi,2022-08-15
C0117,Premium,Chennai,2022-12-28
C0118,Standard,Hyderabad,2022-10-15
C0119,Premium,Mumbai,2022-02-27
C0120,Standard,Mumbai,2022-12-20
C0121,Premium,Delhi,2022-10-07
C0122,Premium,Mumbai,2022-07-09
C0123,Standard,Chennai,2022-10-10
C0124,Standard,Delhi,2022-08-09
C0125,Standard,Delhi,2022-01-22
C0126,Standard,Bangalore,2022-07-06
C0127,Premium,Mumbai,2022-07-03
C0128,Premium,Delhi,2022-12-16
C0129,Standard,Delhi,2022-12-08
C0130,Standard,Mumbai,2022-07-01
C0131,Standard,Chennai,2022-07-28
C0132,Standard,Chennai,2022-03-21
C0133,Standard,Delhi,2022-03-25
C0134,Standard,Delhi,2022-07-31
C0135,Premium,Mumbai,2022-04-02
C0136,Standard,Pune,2022-06-20
C0137,Standard,Hyderabad,2022-12-09
C0138,Premium,Pune,2022-05-08
C0139,Standard,Bangalore,2022-03-23
C0140,Enterprise,Pune,2022-02-25
C0141,Enterprise,Hyderabad,2022-01-20
C0142,Standard,Hyderabad,2022-04-24
C0143,Standard,Delhi,2022-08-24
C0144,Standard,Bangalore,2022-06-06
C0145,Standard,Delhi,2022-04-25
C0146,Standard,Mumbai,2022-12-04
C0147,Standard,Delhi,2022-07-24
C0148,Standard,Bangalore,2022-05-23
C0149,Standard,Mumbai,2022-05-23
C0150,Standard,Bangalore,2022-11-25
C0151,Premium,Chennai,2022-07-24
C0152,Standard,Pune,2022-10-02
C0153,Standard,Bangalore,2022-01-15
C0154,Standard,Mumbai,2022-05-14
C0155,Enterprise,Delhi,2022-10-25
C0156,Standard,Bangalore,2022-01-20
C0157,Standard,Mumbai,2022-11-02
C0158,Premium,Hyderabad,2022-06-26
C0159,Standard,Pune,2022-06-10
C0160,Premium,Hyderabad,2022-11-07
C0161,Standard,Chennai,2022-03-01
C0162,Standard,Hyderabad,2022-10-23
C0163,Standard,Delhi,2022-05-11
C0164,Standard,Mumbai,2022-12-29
C0165,Standard,Hyderabad,2022-01-01
C0166,Premium,Chennai,2022-10-03
C0167,Standard,Pune,2022-12-10
C0168,Standard,Delhi,2022-07-06
C0169,Standard,Hyderabad,2022-02-05
C0170,Standard,Pune,2022-06-19
C0171,Standard,Chennai,2022-06-10
C0172,Standard,Pune,2022-03-05
C0173,Standard,Pune,2022-06-03
C0174,Standard,Chennai,2022-06-08
C0175,Standard,Pune,2022-07-29
C0176,Standard,Bangalore,2022-07-26
C0177,Standard,Pune,2022-06-01
C0178,Standard,Chennai,2022-03-07
C0179,Premium,Delhi,2022-08-04
C0180,Standard,Pune,2022-07-14
C0181,Standard,Pune,2022-03-31
C0182,Standard,Chennai,2022-10-19
C0183,Premium,Bangalore,2022-07-27
C0184,Premium,Chennai,2022-01-01
C0185,Standard,Bangalore,2022-05-27
C0186,Standard,Delhi,2022-08-09
C0187,Premium,Chennai,2022-11-07
C0188,Standard,Pune,2022-06-14
C0189,Standard,Hyderabad,2022-08-15
C0190,Standard,Hyderabad,2022-12-12
C0191,Standard,Delhi,2022-09-19
C0192,Premium,Hyderabad,2022-03-28
C0193,Premium,Pune,2022-02-13
C0194,Standard,Bangalore,2022-09-21
C0195,Standard,Pune,2022-11-21
C0196,Standard,Chennai,2022-06-21
C0197,Premium,Mumbai,2022-05-01
C0198,Premium,Pune,2022-06-08
C0199,Premium,Delhi,2022-04-12
C0200,Premium,Delhi,2022-01-13
C0201,Standard,Mumbai,2022-05-06
C0202,Standard,Hyderabad,2022-11-09
C0203,Standard,Mumbai,2022-08-22
C0204,Premium,Hyderabad,2022-11-19
C0205,Standard,Chennai,2022-04-10
C0206,Standard,Pune,2022-12-23
C0207,Standard,Hyderabad,2022-09-11
C0208,Standard,Hyderabad,2022-05-05
C0209,Standard,Delhi,2022-12-02
C0210,Standard,Pune,2022-01-03
C0211,Standard,Mumbai,2022-08-06
C0212,Standard,Delhi,2022-04-01
C0213,Standard,Pune,2022-09-23
C0214,Standard,Hyderabad,2022-01-26
C0215,Premium,Chennai,2022-05-08
C0216,Standard,Mumbai,2022-08-22
C0217,Standard,Delhi,2022-08-26
C0218,Premium,Pune,2022-09-29
C0219,Standard,Chennai,2022-11-01
C0220,Premium,Bangalore,2022-08-15
C0221,Standard,Chennai,2022-09-16
C0222,Standard,Hyderabad,2022-10-08
C0223,Standard,Hyderabad,2022-03-23
C0224,Standard,Pune,2022-09-01
C0225,Standard,Hyderabad,2022-05-13
C0226,Standard,Delhi,2022-11-23
C0227,Enterprise,Bangalore,2022-09-24
C0228,Standard,Hyderabad,2022-11-17
C0229,Premium,Delhi,2022-05-21
C0230,Standard,Hyderabad,2022-02-09
C0231,Premium,Pune,2022-05-27
C0232,Standard,Delhi,2022-05-20
C0233,Standard,Bangalore,2022-06-13
C0234,Standard,Chennai,2022-02-11
C0235,Standard,Delhi,2022-03-19
C0236,Premium,Delhi,2022-07-16
C0237,Standard,Pune,2022-03-20
C0238,Standard,Pune,2022-04-20
C0239,Standard,Mumbai,2022-08-01
C0240,Standard,Hyderabad,2022-06-19
C0241,Premium,Chennai,2022-08-27
C0242,Enterprise,Hyderabad,2022-02-01
C0243,Premium,Delhi,2022-08-04
C0244,Standard,Hyderabad,2022-10-27
C0245,Standard,Pune,2022-01-11
C0246,Premium,Chennai,2022-07-14
C0247,Standard,Hyderabad,2022-01-04
C0248,Enterprise,Bangalore,2022-06-02
C0249,Enterprise,Hyderabad,2022-08-03
C0250,Premium,Chennai,2022-10-07
C0251,Standard,Chennai,2022-04-23
C0252,Standard,Hyderabad,2022-04-23
C0253,Premium,Bangalore,2022-08-12
C0254,Standard,Hyderabad,2022-01-15
C0255,Standard,Hyderabad,2022-06-22
C0256,Standard,Pune,2022-12-14
C0257,Premium,Hyderabad,2022-03-26
C0258,Standard,Hyderabad,2022-03-07
C0259,Standard,Chennai,2022-10-01
C0260,Standard,Mumbai,2022-07-21
C0261,Standard,Chennai,2022-10-16
C0262,Enterprise,Pune,2022-01-14
C0263,Standard,Mumbai,2022-11-26
C0264,Standard,Hyderabad,2022-03-11
C0265,Premium,Hyderabad,2022-04-04
C0266,Premium,Mumbai,2022-05-14
C0267,Standard,Hyderabad,2022-06-17
C0268,Premium,Delhi,2022-08-21
C0269,Standard,Bangalore,2022-06-22
C0270,Standard,Hyderabad,2022-05-23
C0271,Premium,Hyderabad,2022-05-10
C0272,Premium,Mumbai,2022-08-29
C0273,Premium,Mumbai,2022-10-04
C0274,Premium,Mumbai,2022-06-29
C0275,Standard,Delhi,2022-11-29
C0276,Standard,Mumbai,2022-11-30
C0277,Premium,Mumbai,2022-01-16
C0278,Standard,Delhi,2022-04-13
C0279,Premium,Mumbai,2022-11-15
C0280,Premium,Delhi,2022-05-03
C0281,Premium,Delhi,2022-08-31
C0282,Standard,Pune,2022-02-28
C0283,Standard,Chennai,2022-04-22
C0284,Standard,Hyderabad,2022-12-25
C0285,Standard,Bangalore,2022-07-08
C0286,Standard,Delhi,2022-11-07
C0287,Standard,Chennai,2022-02-28
C0288,Standard,Delhi,2022-06-09
C0289,Standard,Mumbai,2022-10-24
C0290,Standard,Mumbai,2022-06-09
C0291,Standard,Chennai,2022-12-13
C0292,Standard,Hyderabad,2022-07-23
C0293,Premium,Pune,2022-04-12
C0294,Standard,Mumbai,2022-10-31
C0295,Standard,Pune,2022-11-18
C0296,Standard,Delhi,2022-02-22
C0297,Premium,Pune,2022-06-04
C0298,Standard,Pune,2022-11-04
C0299,Standard,Mumbai,2022-10-17
C0300,Standard,Mumbai,2022-06-27
C0301,Standard,Chennai,2022-08-08
C0302,Standard,Pune,2022-07-09
C0303,Standard,Mumbai,2022-09-17
C0304,Standard,Pune,2022-06-24
C0305,Premium,Mumbai,2022-08-04
C0306,Enterprise,Hyderabad,2022-02-24
C0307,Standard,Hyderabad,2022-07-05
C0308,Standard,Pune,2022-08-24
C0309,Premium,Pune,2022-03-20
C0310,Standard,Hyderabad,2022-04-01
C0311,Standard,Pune,2022-09-25
C0312,Standard,Pune,2022-05-19
C0313,Standard,Chennai,2022-10-03
C0314,Enterprise,Hyderabad,2022-08-27
C0315,Premium,Hyderabad,2022-10-31
C0316,Standard,Bangalore,2022-06-15
C0317,Standard,Delhi,2022-02-14
C0318,Standard,Bangalore,2022-08-19
C0319,Standard,Delhi,2022-08-26
C0320,Standard,Chennai,2022-11-09
C0321,Standard,Pune,2022-07-14
C0322,Premium,Bangalore,2022-01-15
C0323,Standard,Hyderabad,2022-06-16
C0324,Standard,Delhi,2022-09-07
C0325,Enterprise,Delhi,2022-07-01
C0326,Premium,Bangalore,2022-06-24
C0327,Standard,Bangalore,2022-11-02
C0328,Standard,Pune,2022-05-22
C0329,Standard,Chennai,2022-01-06
C0330,Standard,Chennai,2022-04-08
C0331,Standard,Mumbai,2022-05-04
C0332,Premium,Pune,2022-07-28
C0333,Standard,Hyderabad,2022-10-12
C0334,Standard,Delhi,2022-12-20
C0335,Standard,Hyderabad,2022-11-27
C0336,Standard,Pune,2022-09-09
C0337,Premium,Hyderabad,2022-01-09
C0338,Premium,Mumbai,2022-05-31
C0339,Standard,Delhi,2022-07-27
C0340,Standard,Pune,2022-05-05
C0341,Standard,Bangalore,2022-12-06
C0342,Standard,Chennai,2022-07-08
C0343,Standard,Hyderabad,2022-10-11
C0344,Standard,Chennai,2022-06-26
C0345,Standard,Hyderabad,2022-10-09
C0346,Standard,Bangalore,2022-06-30
C0347,Standard,Pune,2022-08-21
C0348,Standard,Bangalore,2022-06-06
C0349,Standard,Bangalore,2022-04-29
C0350,Standard,Mumbai,2022-04-09
C0351,Standard,Bangalore,2022-03-03
C0352,Premium,Pune,2022-10-02
C0353,Standard,Pune,2022-04-05
C0354,Standard,Delhi,2022-04-21
C0355,Standard,Pune,2022-09-05
C0356,Standard,Bangalore,2022-10-29
C0357,Standard,Chennai,2022-11-02
C0358,Standard,Bangalore,2022-02-21
C0359,Premium,Delhi,2022-06-01
C0360,Standard,Delhi,2022-07-04
C0361,Standard,Delhi,2022-06-04
C0362,Standard,Mumbai,2022-12-29
C0363,Standard,Chennai,2022-03-06
C0364,Standard,Bangalore,2022-01-24
C0365,Premium,Mumbai,2022-10-11
C0366,Standard,Bangalore,2022-12-24
C0367,Enterprise,Delhi,2022-11-23
C0368,Premium,Hyderabad,2022-02-22
C0369,Standard,Mumbai,2022-10-21
C0370,Standard,Bangalore,2022-08-29
C0371,Standard,Hyderabad,2022-08-14
C0372,Standard,Bangalore,2022-04-05
C0373,Standard,Mumbai,2022-05-10
C0374,Standard,Hyderabad,2022-02-28
C0375,Standard,Mumbai,2022-07-25
C0376,Standard,Hyderabad,2022-02-07
C0377,Premium,Chennai,2022-11-19
C0378,Standard,Pune,2022-01-28
C0379,Premium,Delhi,2022-03-18
C0380,Standard,Chennai,2022-06-05
C0381,Standard,Mumbai,2022-05-08
C0382,Standard,Mumbai,2022-10-13
C0383,Standard,Hyderabad,2022-11-07
C0384,Premium,Chennai,2022-11-13
C0385,Premium,Delhi,2022-09-25
C0386,Premium,Hyderabad,2022-08-19
C0387,Standard,Hyderabad,2022-06-02
C0388,Standard,Chennai,2022-08-08
C0389,Premium,Bangalore,2022-10-19
C0390,Premium,Chennai,2022-01-31
C0391,Enterprise,Chennai,2022-02-20
C0392,Standard,Delhi,2022-11-17
C0393,Standard,Delhi,2022-05-16
C0394,Premium,Pune,2022-02-11
C0395,Standard,Delhi,2022-05-03
C0396,Premium,Delhi,2022-10-10
C0397,Premium,Mumbai,2022-03-22
C0398,Standard,Mumbai,2022-07-29
C0399,Premium,Hyderabad,2022-12-19
C0400,Premium,Chennai,2022-08-29
C0401,Standard,Bangalore,2022-01-17
C0402,Premium,Delhi,2022-05-28
C0403,Standard,Pune,2022-05-25
C0404,Premium,Pune,2022-08-21
C0405,Standard,Mumbai,2022-12-18
C0406,Premium,Delhi,2022-05-16
C0407,Standard,Pune,2022-10-29
C0408,Standard,Pune,2022-04-12
C0409,Premium,Hyderabad,2022-02-28
C0410,Standard,Chennai,2022-04-26
C0411,Standard,Pune,2022-03-18
C0412,Enterprise,Bangalore,2022-03-14
C0413,Enterprise,Mumbai,2022-01-31
C0414,Standard,Delhi,2022-06-07
C0415,Standard,Chennai,2022-10-19
C0416,Standard,Bangalore,2022-08-13
C0417,Standard,Mumbai,2022-08-28
C0418,Standard,Pune,2022-06-05
C0419,Standard,Pune,2022-07-26
C0420,Premium,Bangalore,2022-09-14
C0421,Premium,Chennai,2022-09-10
C0422,Premium,Hyderabad,2022-02-11
C0423,Standard,Chennai,2022-01-21
C0424,Standard,Hyderabad,2022-06-15
C0425,Standard,Chennai,2022-05-09
C0426,Standard,Mumbai,2022-02-16
C0427,Standard,Delhi,2022-12-12
C0428,Premium,Chennai,2022-10-28
C0429,Standard,Mumbai,2022-12-11
C0430,Standard,Bangalore,2022-10-23
C0431,Standard,Mumbai,2022-03-31
C0432,Premium,Hyderabad,2022-09-23
C0433,Standard,Pune,2022-08-15
C0434,Standard,Bangalore,2022-04-03
C0435,Standard,Chennai,2022-08-12
C0436,Premium,Pune,2022-09-09
C0437,Standard,Mumbai,2022-08-29
C0438,Premium,Bangalore,2022-07-29
C0439,Premium,Bangalore,2022-06-14
C0440,Standard,Pune,2022-02-23
C0441,Standard,Delhi,2022-06-18
C0442,Enterprise,Hyderabad,2022-12-22
C0443,Standard,Hyderabad,2022-05-28
C0444,Standard,Pune,2022-07-25
C0445,Premium,Chennai,2022-01-19
C0446,Premium,Hyderabad,2022-02-15
C0447,Enterprise,Bangalore,2022-05-10
C0448,Premium,Bangalore,2022-03-01
C0449,Standard,Hyderabad,2022-09-21
C0450,Standard,Mumbai,2022-12-03
C0451,Premium,Chennai,2022-08-25
C0452,Standard,Hyderabad,2022-01-28
C0453,Standard,Delhi,2022-09-23
C0454,Premium,Bangalore,2022-11-15
C0455,Standard,Hyderabad,2022-11-17
C0456,Standard,Hyderabad,2022-01-27
C0457,Standard,Delhi,2022-05-17
C0458,Standard,Chennai,2022-03-09
C0459,Standard,Bangalore,2022-08-13
C0460,Standard,Pune,2022-09-06
C0461,Standard,Mumbai,2022-01-15
C0462,Standard,Pune,2022-11-08
C0463,Premium,Delhi,2022-12-30
C0464,Standard,Delhi,2022-06-09
C0465,Enterprise,Chennai,2022-01-08
C0466,Standard,Chennai,2022-07-28
C0467,Standard,Mumbai,2022-04-26
C0468,Premium,Mumbai,2022-08-25
C0469,Standard,Mumbai,2022-11-28
C0470,Enterprise,Delhi,2022-09-13
C0471,Standard,Pune,2022-05-30
C0472,Enterprise,Chennai,2022-12-28
C0473,Standard,Bangalore,2022-08-01
C0474,Premium,Hyderabad,2022-08-30
C0475,Standard,Delhi,2022-08-22
C0476,Enterprise,Chennai,2022-03-16
C0477,Standard,Hyderabad,2022-04-08
C0478,Standard,Chennai,2022-09-18
C0479,Enterprise,Pune,2022-03-11
C0480,Standard,Mumbai,2022-05-22
C0481,Standard,Hyderabad,2022-06-24
C0482,Standard,Chennai,2022-05-17
C0483,Standard,Mumbai,2022-05-25
C0484,Standard,Pune,2022-06-02
C0485,Standard,Chennai,2022-10-24
C0486,Premium,Pune,2022-09-08
C0487,Standard,Delhi,2022-08-17
C0488,Standard,Chennai,2022-09-05
C0489,Enterprise,Bangalore,2022-06-20
C0490,Premium,Chennai,2022-10-06
C0491,Standard,Hyderabad,2022-08-22
C0492,Standard,Bangalore,2022-04-07
C0493,Standard,Pune,2022-05-03
C0494,Standard,Chennai,2022-07-16
C0495,Standard,Delhi,2022-07-30
C0496,Standard,Mumbai,2022-06-12
C0497,Standard,Pune,2022-08-31
C0498,Standard,Pune,2022-07-15
C0499,Enterprise,Hyderabad,2022-12-06
C0500,Enterprise,Pune,2022-03-19
C0501,Standard,Hyderabad,2022-01-19
C0502,Standard,Delhi,2022-09-15
C0503,Standard,Chennai,2022-06-19
C0504,Premium,Mumbai,2022-08-14
C0505,Standard,Mumbai,2022-09-27
C0506,Standard,Hyderabad,2022-01-08
C0507,Premium,Pune,2022-03-15
C0508,Premium,Hyderabad,2022-12-02
C0509,Premium,Delhi,2022-02-08
C0510,Premium,Hyderabad,2022-05-16
C0511,Standard,Bangalore,2022-11-16
C0512,Standard,Pune,2022-07-23
C0513,Premium,Pune,2022-02-11
C0514,Premium,Bangalore,2022-12-12
C0515,Standard,Chennai,2022-07-14
C0516,Standard,Bangalore,2022-11-17
C0517,Standard,Pune,2022-09-07
C0518,Premium,Chennai,2022-01-19
C0519,Enterprise,Chennai,2022-02-05
C0520,Standard,Delhi,2022-11-20
C0521,Standard,Pune,2022-05-28
C0522,Standard,Delhi,2022-02-16
C0523,Enterprise,Hyderabad,2022-02-20
C0524,Premium,Pune,2022-12-27
C0525,Premium,Mumbai,2022-08-16
C0526,Standard,Delhi,2022-12-22
C0527,Standard,Bangalore,2022-01-15
C0528,Standard,Mumbai,2022-06-16
C0529,Standard,Mumbai,2022-05-31
C0530,Premium,Bangalore,2022-07-11
C0531,Premium,Hyderabad,2022-03-16
C0532,Enterprise,Delhi,2022-09-29
C0533,Enterprise,Hyderabad,2022-10-17
C0534,Standard,Pune,2022-04-03
C0535,Premium,Delhi,2022-03-31
C0536,Premium,Mumbai,2022-11-09
C0537,Premium,Hyderabad,2022-11-14
C0538,Standard,Pune,2022-05-04
C0539,Standard,Hyderabad,2022-10-26
C0540,Standard,Delhi,2022-04-29
C0541,Enterprise,Hyderabad,2022-11-23
C0542,Standard,Bangalore,2022-08-24
C0543,Standard,Bangalore,2022-12-08
C0544,Standard,Mumbai,2022-08-27
C0545,Standard,Bangalore,2022-12-13
C0546,Standard,Chennai,2022-03-22
C0547,Standard,Mumbai,2022-08-15
C0548,Standard,Bangalore,2022-10-28
C0549,Standard,Bangalore,2022-11-24
C0550,Premium,Hyderabad,2022-12-20
C0551,Standard,Bangalore,2022-08-22
C0552,Premium,Bangalore,2022-04-12
C0553,Standard,Hyderabad,2022-09-05
C0554,Standard,Mumbai,2022-05-02
C0555,Premium,Hyderabad,2022-10-20
C0556,Standard,Bangalore,2022-10-22
C0557,Standard,Bangalore,2022-12-25
C0558,Standard,Bangalore,2022-01-12
C0559,Premium,Pune,2022-07-22
C0560,Standard,Bangalore,2022-01-05
C0561,Premium,Chennai,2022-12-18
C0562,Standard,Pune,2022-01-26
C0563,Standard,Chennai,2022-09-12
C0564,Standard,Bangalore,2022-04-28
C0565,Standard,Chennai,2022-06-30
C0566,Standard,Delhi,2022-11-22
C0567,Standard,Delhi,2022-11-14
C0568,Standard,Bangalore,2022-12-14
C0569,Premium,Pune,2022-12-04
C0570,Standard,Pune,2022-03-12
C0571,Standard,Pune,2022-02-19
C0572,Premium,Pune,2022-11-27
C0573,Standard,Mumbai,2022-06-08
C0574,Standard,Hyderabad,2022-01-18
C0575,Premium,Chennai,2022-07-06
C0576,Premium,Pune,2022-03-09
C0577,Standard,Mumbai,2022-06-01
C0578,Premium,Bangalore,2022-08-01
C0579,Standard,Delhi,2022-04-13
C0580,Standard,Delhi,2022-10-04
C0581,Standard,Bangalore,2022-09-29
C0582,Enterprise,Chennai,2022-05-20
C0583,Standard,Delhi,2022-05-12
C0584,Standard,Hyderabad,2022-06-01
C0585,Standard,Pune,2022-06-23
C0586,Standard,Mumbai,2022-08-28
C0587,Standard,Mumbai,2022-03-14
C0588,Standard,Delhi,2022-12-13
C0589,Standard,Pune,2022-12-12
C0590,Standard,Hyderabad,2022-10-13
C0591,Standard,Bangalore,2022-02-16
C0592,Standard,Hyderabad,2022-01-08
C0593,Standard,Bangalore,2022-10-02
C0594,Standard,Mumbai,2022-08-21
C0595,Premium,Bangalore,2022-12-11
C0596,Standard,Pune,2022-12-11
C0597,Standard,Bangalore,2022-10-27
C0598,Standard,Hyderabad,2022-11-23
C0599,Standard,Bangalore,2022-02-25
C0600,Standard,Pune,2022-04-30
C0601,Standard,Hyderabad,2022-01-13
C0602,Standard,Chennai,2022-10-15
C0603,Standard,Bangalore,2022-11-09
C0604,Standard,Delhi,2022-11-28
C0605,Standard,Mumbai,2022-11-22
C0606,Standard,Hyderabad,2022-12-25
C0607,Standard,Bangalore,2022-11-29
C0608,Standard,Hyderabad,2022-03-01
C0609,Standard,Delhi,2022-01-24
C0610,Standard,Mumbai,2022-06-05
C0611,Standard,Hyderabad,2022-03-01
C0612,Premium,Mumbai,2022-05-01
C0613,Standard,Chennai,2022-03-11
C0614,Standard,Hyderabad,2022-08-21
C0615,Premium,Bangalore,2022-12-10
C0616,Premium,Pune,2022-12-23
C0617,Standard,Chennai,2022-08-03
C0618,Standard,Chennai,2022-03-21
C0619,Premium,Hyderabad,2022-12-02
C0620,Premium,Mumbai,2022-09-08
C0621,Standard,Chennai,2022-07-28
C0622,Standard,Bangalore,2022-01-17
C0623,Standard,Pune,2022-07-09
C0624,Standard,Delhi,2022-08-16
C0625,Standard,Hyderabad,2022-05-01
C0626,Standard,Bangalore,2022-02-20
C0627,Standard,Pune,2022-07-08
C0628,Premium,Chennai,2022-11-27
C0629,Standard,Bangalore,2022-02-01
C0630,Standard,Hyderabad,2022-05-22
C0631,Premium,Delhi,2022-03-04
C0632,Premium,Hyderabad,2022-02-16
C0633,Standard,Pune,2022-04-19
C0634,Standard,Pune,2022-11-24
C0635,Standard,Chennai,2022-01-11
C0636,Standard,Mumbai,2022-06-20
C0637,Standard,Delhi,2022-03-06
C0638,Standard,Chennai,2022-04-16
C0639,Standard,Mumbai,2022-10-11
C0640,Standard,Delhi,2022-10-28
C0641,Standard,Delhi,2022-04-30
C0642,Standard,Bangalore,2022-03-17
C0643,Standard,Chennai,2022-01-02
C0644,Standard,Bangalore,2022-03-16
C0645,Standard,Delhi,2022-10-04
C0646,Premium,Bangalore,2022-03-31
C0647,Standard,Mumbai,2022-12-05
C0648,Standard,Mumbai,2022-03-09
C0649,Premium,Mumbai,2022-07-03
C0650,Standard,Delhi,2022-10-29
C0651,Standard,Bangalore,2022-01-09
C0652,Standard,Delhi,2022-05-16
C0653,Standard,Mumbai,2022-03-06
C0654,Premium,Pune,2022-08-04
C0655,Standard,Chennai,2022-02-28
C0656,Standard,Pune,2022-02-02
C0657,Standard,Hyderabad,2022-08-18
C0658,Standard,Bangalore,2022-09-20
C0659,Standard,Chennai,2022-02-25
C0660,Standard,Hyderabad,2022-09-15
C0661,Standard,Delhi,2022-11-11
C0662,Enterprise,Mumbai,2022-12-04
C0663,Standard,Chennai,2022-06-04
C0664,Standard,Hyderabad,2022-11-26
C0665,Standard,Mumbai,2022-02-01
C0666,Standard,Hyderabad,2022-07-25
C0667,Standard,Hyderabad,2022-12-18
C0668,Standard,Mumbai,2022-09-09
C0669,Standard,Pune,2022-08-16
C0670,Standard,Mumbai,2022-02-11
C0671,Standard,Bangalore,2022-11-08
C0672,Premium,Delhi,2022-02-03
C0673,Standard,Delhi,2022-05-21
C0674,Standard,Chennai,2022-11-21
C0675,Standard,Chennai,2022-10-08
C0676,Enterprise,Pune,2022-06-16
C0677,Standard,Hyderabad,2022-11-02
C0678,Standard,Chennai,2022-05-31
C0679,Enterprise,Hyderabad,2022-09-16
C0680,Premium,Chennai,2022-08-09
C0681,Premium,Mumbai,2022-12-26
C0682,Standard,Mumbai,2022-12-02
C0683,Standard,Pune,2022-10-10
C0684,Standard,Pune,2022-04-21
C0685,Premium,Hyderabad,2022-08-20
C0686,Standard,Delhi,2022-07-31
C0687,Standard,Bangalore,2022-08-21
C0688,Standard,Hyderabad,2022-08-01
C0689,Premium,Pune,2022-02-18
C0690,Standard,Bangalore,2022-08-07
C0691,Standard,Bangalore,2022-12-07
C0692,Standard,Bangalore,2022-07-11
C0693,Standard,Delhi,2022-12-18
C0694,Standard,Hyderabad,2022-02-04
C0695,Standard,Mumbai,2022-02-13
C0696,Standard,Mumbai,2022-08-10
C0697,Standard,Mumbai,2022-07-10
C0698,Standard,Delhi,2022-10-12
C0699,Standard,Mumbai,2022-10-28
C0700,Standard,Chennai,2022-10-15
C0701,Standard,Bangalore,2022-12-10
C0702,Standard,Mumbai,2022-07-30
C0703,Standard,Bangalore,2022-12-07
C0704,Standard,Hyderabad,2022-01-27
C0705,Standard,Bangalore,2022-11-04
C0706,Enterprise,Bangalore,2022-06-30
C0707,Standard,Mumbai,2022-10-23
C0708,Premium,Chennai,2022-04-19
C0709,Standard,Delhi,2022-12-03
C0710,Standard,Hyderabad,2022-04-25
C0711,Premium,Mumbai,2022-06-29
C0712,Standard,Chennai,2022-07-08
C0713,Standard,Mumbai,2022-05-23
C0714,Standard,Chennai,2022-04-26
C0715,Standard,Hyderabad,2022-10-15
C0716,Premium,Chennai,2022-11-11
C0717,Premium,Pune,2022-11-26
C0718,Enterprise,Chennai,2022-01-14
C0719,Standard,Chennai,2022-12-03
C0720,Premium,Pune,2022-05-17
C0721,Premium,Mumbai,2022-04-03
C0722,Standard,Bangalore,2022-12-26
C0723,Standard,Bangalore,2022-06-23
C0724,Premium,Bangalore,2022-01-04
C0725,Standard,Delhi,2022-03-15
C0726,Premium,Chennai,2022-12-03
C0727,Standard,Hyderabad,2022-02-05
C0728,Premium,Delhi,2022-11-21
C0729,Standard,Mumbai,2022-02-16
C0730,Standard,Pune,2022-09-29
C0731,Standard,Delhi,2022-07-12
C0732,Premium,Hyderabad,2022-08-21
C0733,Standard,Bangalore,2022-03-22
C0734,Standard,Bangalore,2022-06-09
C0735,Standard,Pune,2022-06-16
C0736,Premium,Chennai,2022-11-02
C0737,Standard,Mumbai,2022-01-27
C0738,Premium,Delhi,2022-03-22
C0739,Standard,Chennai,2022-01-26
C0740,Standard,Pune,2022-02-11
C0741,Standard,Bangalore,2022-08-15
C0742,Standard,Pune,2022-08-06
C0743,Premium,Hyderabad,2022-11-07
C0744,Standard,Hyderabad,2022-08-01
C0745,Standard,Bangalore,2022-04-21
C0746,Premium,Chennai,2022-02-28
C0747,Standard,Bangalore,2022-08-09
C0748,Standard,Mumbai,2022-05-26
C0749,Premium,Pune,2022-12-14
C0750,Standard,Chennai,2022-09-07
